,aluminum_price,world_production,energy_price,world_gdp,us_dollar_index,usd_canadian_exchange_rate,usd_india_exchange_rate,usd_eur_exchange_rate,usd_russian_exchange_rate,zinc_price,copper_price,nickel_price
1997-10-01,1607.86,1873.0,53.4294044735867,51.946298035,95.64,,,,,,,
1997-11-01,1598.99,1829.0,51.2956317503083,52.074593595,97.79,,,,,,,
1997-12-01,1530.51,1886.0,46.3736555135031,52.157845448,99.65,,,,,,,
1998-01-01,1485.79,1921.0,42.1282223239176,52.116865046,100.79,,,,,,,
1998-02-01,1465.56,1760.0,40.3297502434822,52.169420897,99.82,,,,,,,
1998-03-01,1437.7,1919.0,38.4086367925118,52.236324452,101.5,,,,,,,
1998-04-01,1418.16,1864.0,39.4597784829243,52.322958474,99.71,,,,,,,
1998-05-01,1364.72,1911.0,39.0493483747371,52.414520366,100.45,,,,,,,
1998-06-01,1307.24,1861.0,36.8993185375508,52.516392889,101.17,,,,,,,
1998-07-01,1309.21,1920.0,36.7014133768936,52.5985378,101.2,,,,,,,
1998-08-01,1310.9,1926.0,35.1181769562553,52.743560269,100.2,,,,,,,
1998-09-01,1342.27,1870.0,37.657978086531,52.921422052,96.17,,,,,,,
1998-10-01,1304.06,1930.0,36.4444692938648,53.206361048,93.73,,,,,,,
1998-11-01,1294.96,1887.0,34.51499903212,53.394223036,96.2,,,,,,,
1998-12-01,1249.06,1952.0,30.8360143389792,53.559245915,94.17,,,,,,,
1999-01-01,1218.46,1961.0,32.5467206725288,53.648410459,96.08,,,,,,,
1999-02-01,1186.85,1799.0,31.3536702349526,53.80751954,98.68,,,,,,,
1999-03-01,1181.59,1976.0,35.4218490780644,53.983553932,100.1,,,,,,,
1999-04-01,1278.2,1932.0,40.6512863569622,54.181629505,101.0,,,,,,,
1999-05-01,1323.46,1994.0,41.8840647893305,54.387677617,102.51,,,,,,,
1999-06-01,1315.31,1954.0,42.8276451798696,54.606814137,102.85,,,,,,,
1999-07-01,1403.76,2001.0,47.2529617627011,54.831084226,99.75,,,,,,,
1999-08-01,1431.32,2026.0,51.2736079878553,55.082363692,99.95,,,,,,,
1999-09-01,1492.48,1973.0,55.40367682468,55.352697695,98.54,,,,,,,
1999-10-01,1474.41,2037.0,54.9674540745056,55.668709039,99.06,,,,,,,
1999-11-01,1472.76,2004.0,57.7503926516996,55.957185014,101.99,,,,,,,
1999-12-01,1554.48,2064.0,59.0786699247741,56.244748424,101.87,,,,,,,
2000-01-01,1680.28,2064.0,62.2392260586151,56.549870701,105.13,,,,,,,
2000-02-01,1670.27,1945.0,66.4232999229776,56.821755405,105.92,,,,,,,
2000-03-01,1577.05,2060.0,66.6851158362596,57.078873969,105.44,,,,,,,
2000-04-01,1457.14,2001.0,61.4169549680859,57.327428316,110.14,,,,,,,
2000-05-01,1466.79,2067.0,68.6714688049523,57.550363155,108.74,,,,,,,
2000-06-01,1506.31,2027.0,75.1507069374346,57.75388041,106.84,,,,,,,
2000-07-01,1563.5,2063.0,72.6865537980706,57.924109764,109.57,,,,,,,
2000-08-01,1527.63,2077.0,76.7991947154988,58.099194588,112.6,,,,,,,
2000-09-01,1601.21,2037.0,82.9348112414127,58.265264566,113.25,,,,,,,
2000-10-01,1500.24,2106.0,82.3055840412933,58.435026111,116.65,,,,,,,
2000-11-01,1473.86,2061.0,84.8125158439628,58.573536583,115.24,,,,,,,
2000-12-01,1565.41,2149.0,83.3207570062257,58.693502397,109.56,,,,,,,
2001-01-01,1615.65,2075.0,82.3671048296966,58.763460283,110.52,,,,,,,
2001-02-01,1604.36,1921.0,76.5110277605475,58.869934231,112.01,,,,,,,
2001-03-01,1509.17,2076.0,72.1270313751849,58.981460971,117.37,,,,,,,
2001-04-01,1496.91,2020.0,73.1053103918459,59.121788299,115.85,,,,,,,
2001-05-01,1538.77,2088.0,73.0180536275028,59.225609779,119.07,,,,,,,
2001-06-01,1466.13,2010.0,70.7713025163136,59.316673206,119.43,,,,,,,
2001-07-01,1416.39,2052.0,64.6479980607725,59.359685356,117.18,,,,,,,
2001-08-01,1377.08,2056.0,65.7478825176858,59.451702594,113.42,,,,,,,
2001-09-01,1344.56,1993.0,62.8732573423258,59.557431697,113.48,,,,,,,
2001-10-01,1282.5,2067.0,55.5171263042748,59.667581325,114.86,,,,,,,
2001-11-01,1327.46,2036.0,50.1237353762521,59.80770266,116.13,,,,,,,
2001-12-01,1344.63,2116.0,49.4678305559636,59.968504363,116.75,,,,,,,
2002-01-01,1368.59,2121.0,49.4461717334785,60.162392317,120.24,,,,,,,
2002-02-01,1369.34,1973.0,51.1436482384694,60.355250345,119.16,,,,,,,
2002-03-01,1405.0,2158.0,59.3927138220747,60.559484329,118.62,,,,,,,
2002-04-01,1369.99,2111.0,63.2216573312363,60.789473943,115.19,,,,,,,
2002-05-01,1343.3,2197.0,63.9450959960332,61.005675084,111.81,,,,,,,
2002-06-01,1353.97,2152.0,61.0633015087631,61.222467425,106.11,,,,,,,
2002-07-01,1338.09,2217.0,63.1665978466177,61.473452614,107.41,,,,,,,
2002-08-01,1291.6,2226.0,64.1268874122906,61.666226121,106.98,,,,,,,
2002-09-01,1301.25,2192.0,68.5206189362142,61.834389592,106.87,,,,,,,
2002-10-01,1310.58,2273.0,69.4229778693982,61.935624682,106.64,,,,,,,
2002-11-01,1372.2,2237.0,64.6897446324953,62.086306842,106.41,,,,,,,
2002-12-01,1375.07,2299.0,72.0922022813772,62.244117726,101.85,,,,,,,
2003-01-01,1378.28,2294.0,79.4541658527736,62.407962514,99.91,,,,,,,
2003-02-01,1422.16,2111.0,90.8892642513114,62.580851962,99.71,,,,,,,
2003-03-01,1389.27,2314.0,80.5921948003378,62.76169125,99.06,,,,,,,
2003-04-01,1332.01,2267.0,70.8471973021957,62.874668335,97.19,,,,,,,
2003-05-01,1398.49,2333.0,72.8786760553799,63.128266334,93.27,,,,,,,
2003-06-01,1409.85,2288.0,76.2041201992688,63.446673204,94.73,,,,,,,
2003-07-01,1436.09,2348.0,75.2613839004993,63.924988872,96.89,,,,,,,
2003-08-01,1456.31,2379.0,77.1777817819796,64.301688542,98.1,,,,,,,
2003-09-01,1415.57,2357.0,71.9842380150344,64.67187214,92.85,13.5392,,,,,,
2003-10-01,1474.25,2430.0,75.7176747748298,65.036125155,92.73,30.4119,,,,,,
2003-11-01,1508.34,2397.0,75.9402499088571,65.392837491,90.21,26.2525,,,,,,
2003-12-01,1554.91,2468.0,82.2737346812493,65.742594638,86.92,30.1721,,18.68141,676.260005,,,
2004-01-01,1606.49,2463.0,85.6153840214917,66.096730404,87.2,28.5269,,17.45101,605.130002,,,
2004-02-01,1685.63,2341.0,83.783437036665,66.424076815,87.31,26.5689,,15.81996,569.980002,,,
2004-03-01,1655.99,2481.0,86.8433601262431,66.73596768,87.61,30.5345,,18.75019,656.066806,,,
2004-04-01,1729.74,2429.0,89.1797524060354,67.015219638,90.48,29.5032,,18.34009,631.048007,,,
2004-05-01,1623.22,2520.0,97.5669900143751,67.309086931,88.95,28.9189,,17.47848,579.8648009999999,,,
2004-06-01,1677.72,2451.0,95.460292171924,67.600386198,88.8,29.9038,,18.10788,638.495304,,,
2004-07-01,1709.27,2510.0,99.6556799959164,67.903736357,89.96,29.0864,,17.93685,610.700201,,,
2004-08-01,1692.19,2526.0,105.169549215183,68.178935383,88.94,28.89,,18.04515,584.269991,,,
2004-09-01,1723.6,2474.0,103.984793896605,68.440602194,87.36,28.3305,,17.98966,613.506086,,,
2004-10-01,1819.57,2554.0,117.282470409864,68.63855997,84.91,24.9651,,16.00921,435.281006,,,
2004-11-01,1813.9,2517.0,109.00453495989,68.910794966,81.82,26.301,,16.92204,628.319999,,,
2004-12-01,1849.18,2591.0,103.468877350763,69.207130363,80.85,27.9991,,17.14439,641.662498,,,
2005-01-01,1834.43,2558.0,108.963342886004,69.576176249,83.6,25.7043,,16.01862,587.191796,,,
2005-02-01,1882.85,2371.0,110.972849785124,69.88425488,82.51,24.774,,15.36828,560.002701,,,
2005-03-01,1979.85,2614.0,124.990154019554,70.179976346,84.06,27.9485,,17.45402,607.821902,,,
2005-04-01,1894.29,2592.0,126.269303437212,70.437959885,84.43,25.9693,,16.23225,584.369397,,,
2005-05-01,1743.7,2685.0,119.6884745205,70.728002588,87.76,27.611,,17.34783,614.828199,1284.0,,
2005-06-01,1731.3,2653.0,130.909378195066,71.024723694,89.11,27.2819,,18.09697,627.378498,1216.25,,
2005-07-01,1778.79,2736.0,137.45817507001,71.318497189,89.35,25.6785,,17.43023,603.138002,1248.75,,
2005-08-01,1867.84,2760.0,151.521563709579,71.635794613,87.58,27.7044,,18.6956,656.135998,1355.75,,
2005-09-01,1839.91,2695.0,160.761714874947,71.966989952,89.52,24.7507,,17.14899,595.945107,1409.75,,
2005-10-01,1928.71,2763.0,158.701217459353,72.297633708,90.07,24.7238,,17.4611,599.555595,1536.0,,11970.0
2005-11-01,2050.59,2704.0,143.803193387395,72.667461999,91.57,25.9916,,18.65115,633.375395,1710.0,,12795.0
2005-12-01,2247.45,2774.0,152.895045231843,73.062025327,91.17,25.5505,,18.54889,634.4889949999999,1902.0,,13394.0
2006-01-01,2377.86,2765.0,152.349313115297,73.577224208,88.96,25.455,,18.15524,115.494796,2293.0,,15110.0
2006-02-01,2455.33,2550.0,146.048007608321,73.949332224,90.11,22.9831,,16.74291,0.0,2342.75,,14848.0
2006-03-01,2429.13,2790.0,147.288823149419,74.274249891,89.73,26.6051,,19.11438,0.0,2651.5,,15186.0
2006-04-01,2621.11,2745.0,160.522028047458,74.488534955,86.11,22.8722,,16.28368,0.0,3200.0,,19395.0
2006-05-01,2861.48,2835.0,159.912510529106,74.766653611,84.72,25.5215,,18.0144,324.121,3725.0,,22555.0
2006-06-01,2477.34,2790.0,159.629510817061,75.045163608,85.22,24.502,,17.37027,593.645001,3245.0,,22125.0
2006-07-01,2512.71,2865.0,166.924800371819,75.274943609,85.3,23.6947,,16.54304,564.925999,3420.0,,26875.0
2006-08-01,2459.93,2886.0,167.897492655972,75.591077286,85.05,25.7352,,17.96024,615.3530000000001,3438.0,,31300.0
2006-09-01,2472.88,2838.0,145.649770471867,75.944443304,85.97,23.4301,,16.49415,561.746002,3329.0,,31000.0
2006-10-01,2654.59,2953.0,140.295031138321,76.373528014,85.32,24.8149,,17.42792,590.762998,4249.0,,32375.0
2006-11-01,2702.8,2910.0,144.643440097302,76.772493949,82.92,24.9963,,17.06419,584.869002,4434.0,,34550.0
2006-12-01,2813.63,3011.0,147.260667183159,77.179827461,83.72,24.2138,,15.89199,552.136002,4291.0,,34025.0
2007-01-01,2809.34,3058.0,134.713040781543,77.642854385,84.61,27.0297,,17.6917,609.385997,3511.0,,39025.0
2007-02-01,2832.2,2867.0,145.026825191246,78.031428674,83.57,23.40955,,15.28162,525.973997,3486.0,,43795.0
2007-03-01,2761.73,3104.0,148.29818701874,78.392876163,82.93,25.70641,,16.60027,574.082804,3255.0,,46750.0
2007-04-01,2814.79,3069.0,156.852961131099,78.719031942,81.45,23.83266,,15.5387,542.5675,3754.5,,49675.0
2007-05-01,2792.75,3153.0,157.716476638741,79.032349515,82.3,25.18332,,17.02521,593.9288,3701.0,,47450.0
2007-06-01,2676.93,3129.0,162.327162647887,79.324663972,81.92,22.36685,,15.64654,543.772,3348.5,,36325.0
2007-07-01,2732.44,3241.0,168.822275060673,79.519706523,80.77,23.12613,,16.03053,562.349501,3578.0,,31535.0
2007-08-01,2515.77,3289.0,164.379861177812,79.827216337,80.79,24.34375,,16.88759,589.506002,3121.0,,29600.0
2007-09-01,2391.25,3237.0,174.95269920475,80.170924626,77.72,19.46982,,13.64513,480.382696,3067.0,,30305.0
2007-10-01,2442.37,3333.0,189.041557010224,80.637506267,76.48,22.4286,,16.15933,572.204,2815.5,,31775.0
2007-11-01,2506.89,3278.0,207.659453538207,80.988605346,76.15,20.2991,,14.31284,513.903999,2592.0,,26820.0
2007-12-01,2381.69,3374.0,206.532852366502,81.310896742,76.69,20.0072,,13.73564,491.577,2355.5,,26060.0
2008-01-01,2445.52,3337.0,212.95256526713,81.612551292,75.18,23.2325,,15.59166,464.925998,2501.5,,27220.0
2008-02-01,2776.93,3134.0,221.207409668071,81.871099193,73.71,21.0009,,14.18565,514.336995,2726.0,,31365.0
2008-03-01,3005.29,3319.0,236.794999578762,82.094711282,71.8,21.0532,,13.51905,498.097998,2302.75,,29570.0
2008-04-01,2959.27,3321.0,253.573936320607,82.309758395,72.51,21.2546,,13.32825,493.689001,2212.0,,28425.0
2008-05-01,2902.9,3458.0,281.920824527933,82.443720735,72.88,20.973,,13.48653,497.906798,1987.25,,21998.0
2008-06-01,2957.86,3384.0,303.745294402926,82.522969138,72.46,21.349,,13.48727,496.133001,1909.25,,21825.0
2008-07-01,3071.24,3440.0,308.945845079838,82.643684703,73.23,22.2731,,13.97352,513.702998,1893.25,,18270.0
2008-08-01,2764.38,3466.0,268.942999904535,82.541369406,77.38,22.1315,,3.38751,98.551997,1798.5,,20195.0
2008-09-01,2525.82,3367.0,241.157795731331,82.312204348,79.45,23.2754,,15.28071,556.887003,1661.5,,15660.0
2008-10-01,2121.41,3394.0,188.568081326526,81.786442369,85.63,27.1162,,17.2687,609.042994,1101.5,,11962.0
2008-11-01,1852.43,3174.0,150.200782451237,81.430888157,86.52,24.401,,15.73251,546.813997,1200.75,,10111.0
2008-12-01,1490.43,3177.0,122.672243012022,81.075794552,81.15,28.3201,,16.90975,645.276998,1165.0,,9800.0
2009-01-01,1413.12,3101.0,125.378276708955,80.453707978,85.83,26.9229,,16.564140000000002,695.813999,1220.0,3055.0,11700.0
2009-02-01,1330.2,2833.0,117.722420760494,80.30012577,88.17,24.8898,,15.61929,714.2339959999999,1120.0,,11180.0
2009-03-01,1335.84,3014.0,118.843901173609,80.347594352,85.51,27.7938,,16.84644,759.335,1125.0,,9975.0
2009-04-01,1420.85,2918.0,119.20519973597,80.81336304,84.82,26.9288,,16.66445,735.290496,1322.0,,9800.0
2009-05-01,1460.45,3062.0,133.97993538685,81.099996212,79.23,24.1419,,15.36553,669.186502,1425.0,,11675.0
2009-06-01,1573.73,3034.0,152.982953218604,81.424743185,80.16,24.7979,,15.70064,682.080496,1567.0,,13945.0
2009-07-01,1667.96,3150.0,143.464313930351,81.843004158,78.35,25.8285,,16.33598,724.418698,1543.0,,15350.0
2009-08-01,1933.75,3220.0,154.867717956959,82.202428584,78.17,22.8284,,14.71126,668.210707,1750.0,,17900.0
2009-09-01,1834.11,3227.0,148.563669439578,82.558416661,76.65,23.7852,,15.10435,686.553108,1850.0,,18800.0
2009-10-01,1878.57,3372.0,161.88819495353,82.883494492,76.3,23.1929,,14.84438,646.7445,1950.0,,17800.0
2009-11-01,1949.29,3348.0,167.28240524265,83.253215295,74.78,22.2227,,14.06735,606.6756,2160.0,,18180.0
2009-12-01,2180.1,3427.0,169.081397747495,83.640105172,77.86,24.2666,,15.78784,690.461797,2310.0,,16200.0
2010-01-01,2235.15,3498.0,178.41947067921,84.083588673,79.46,21.912,,14.71001,627.413591,2588.0,7405.0,18800.0
2010-02-01,2048.93,3280.0,172.419006521773,84.475248287,80.36,21.11858,,14.61955,602.313003,2110.0,,18550.0
2010-03-01,2205.63,3600.0,177.043925116846,84.854508562,81.07,23.52521,,16.94292,679.745807,2245.0,,21188.0
2010-04-01,2316.73,3536.0,185.834204822904,85.230735968,81.87,22.1062,,16.38385,641.7634,2370.0,,25001.0
2010-05-01,2040.53,3637.0,171.381834659046,85.578172717,86.59,21.87471,,16.76828,640.946399,2275.0,,26150.0
2010-06-01,1931.39,3583.0,171.550033939702,85.906185278,86.02,22.86361,,18.01766,687.650397,1930.0,,21050.0
2010-07-01,1988.27,3634.0,170.909086633409,86.177615881,81.54,22.94669,,17.18845,672.970399,1771.0,,19358.0
2010-08-01,2118.14,3610.0,172.006819754741,86.494648391,83.2,22.8509,,17.03344,666.883294,2005.0,,21025.0
2010-09-01,2162.34,3477.0,171.978027456354,86.820125038,78.72,22.7681,,16.87011,677.160999,2066.0,,20775.0
2010-10-01,2346.57,3552.0,181.749423910817,87.180545428,77.27,21.39573,,15.13519,635.748001,2186.0,,23300.0
2010-11-01,2333.07,3415.0,188.430479797526,87.503035647,81.19,22.26229,,16.07998,680.736299,2430.0,,23090.0
2010-12-01,2350.67,3531.0,200.596439773715,87.8140953,79.03,23.20655,,17.42026,709.400304,2115.0,,22850.0
2011-01-01,2439.53,3665.0,208.932671985744,88.133262572,77.73,20.85965,,15.73226,630.907799,2430.0,9685.0,24850.0
2011-02-01,2508.18,3477.0,216.000528575678,88.406807454,76.89,19.77053,,14.64309,585.699198,2403.0,,27310.0
2011-03-01,2555.5,3821.0,233.841821904619,88.654268131,75.86,22.46381,,16.43105,653.568598,2516.0,9527.25,29000.0
2011-04-01,2678.11,3798.0,250.730026968411,88.842171488,72.93,19.16207,,14.54713,561.5246999999999,2352.25,9450.0,26105.0
2011-05-01,2596.45,3951.0,238.786784479992,89.06256859,74.64,21.27081,,15.342,613.014907,2230.0,9232.0,26621.0
2011-06-01,2557.76,3899.0,236.265966676199,89.281986322,74.3,21.49344,,15.28012,614.610098,2265.0,9239.0,23495.0
2011-07-01,2525.43,4003.0,241.704074238477,89.482681825,73.9,20.0713,,14.68289,584.935705,2343.0,9396.0,23305.0
2011-08-01,2379.35,4026.0,229.029431380039,89.713447964,74.12,22.556,,16.04656,660.431503,2495.0,9886.25,24901.0
2011-09-01,2293.46,3941.0,229.291360431155,89.956541877,78.55,21.99148,,15.96583,672.678201,2284.25,9235.25,22208.0
2011-10-01,2180.65,3934.0,227.72318632522,90.186707042,76.17,21.47078,,15.33821,656.3325,1870.0,7420.0,18175.0
2011-11-01,2079.98,3828.0,234.303517671319,90.4733989,78.38,22.5369,,16.21511,676.295199,1935.0,7675.0,18800.0
2011-12-01,2022.25,3932.0,231.531830401329,90.791360927,80.18,22.51842,,16.7081,689.657199,2038.0,7835.0,17125.0
2012-01-01,2144.2,4041.0,234.561993004392,91.249064052,79.29,22.30849,,17.05524,688.999505,1855.0,7710.0,18550.0
2012-02-01,2207.92,3913.0,242.492106949393,91.548213218,78.74,20.94404,,15.87721,625.399101,2115.0,8400.0,20900.0
2012-03-01,2184.16,4067.0,251.477586578673,91.797279355,79.0,21.8397,,16.64752,645.278002,2105.5,8545.0,19780.0
2012-04-01,2049.67,3952.0,244.602440376174,91.936898386,78.78,20.85585,,15.94975,618.497805,1995.0,8480.0,17920.0
2012-05-01,2007.63,4169.0,226.811417850343,92.130321523,83.04,23.20012,,17.94659,707.30911,2061.0,8400.0,17650.0
2012-06-01,1890.18,4089.0,203.84606219857,92.318184691,81.63,21.58326,,16.7453,688.658602,1872.0,7380.0,16170.0
2012-07-01,1876.25,4143.0,213.550184112094,92.480638712,82.64,22.31784,,17.88222,714.02011,1910.0,7640.0,17600.0
2012-08-01,1845.38,4218.0,227.100652030527,92.672268821,81.21,22.85506,,18.55989,733.961703,1830.0,7515.0,15850.0
2012-09-01,2064.12,4054.0,228.604174161606,92.873225841,79.93,19.57808,,15.55826,628.018603,1867.0,7660.0,16290.0
2012-10-01,1974.3,4186.0,223.582281780183,93.077300553,79.92,22.68607,,17.74236,715.4365,2072.0,8207.0,18500.0
2012-11-01,1948.83,4072.0,220.239028555248,93.301568313,80.15,21.93473,,17.13859,689.534601,1891.0,7845.0,16390.0
2012-12-01,2086.76,4263.0,220.583781936685,93.539819898,79.77,19.79014,,15.24526,644.589298,2042.0,7555.0,17630.0
2013-01-01,2037.75,4360.0,226.609992657721,93.809974739,79.21,22.80855,,17.31651,694.819903,2118.0,8110.0,17550.0
2013-02-01,2053.6,4095.0,230.718606428011,94.062754407,81.95,20.15339,,14.96563,603.116303,2154.0,8200.0,18490.0
2013-03-01,1909.57,4345.0,224.634418455802,94.316078332,83.22,21.51728,,16.20463,646.569895,2026.0,7685.0,16450.0
2013-04-01,1861.67,4235.0,219.154640961809,94.56572132,81.75,22.41219,,16.91089,688.321401,1873.0,7460.0,16450.0
2013-05-01,1832.02,4365.0,218.779877661479,94.82330265,83.26,23.44882,,17.71358,719.265102,1841.0,6910.0,15100.0
2013-06-01,1814.54,4360.0,218.338094747412,95.084597131,83.14,20.62188,,15.16112,645.227098,1943.0,7370.0,15180.0
2013-07-01,1769.61,4425.0,225.475015758846,95.35483786,81.45,23.94103,,17.57106,752.338901,1870.0,6905.0,13870.0
2013-08-01,1817.62,4433.0,230.587951532211,95.619633817,82.09,22.86646,,16.51306,725.353496,1866.0,7010.0,13975.0
2013-09-01,1761.3,4333.0,232.537593803913,95.884218099,80.22,21.76295,,15.73369,683.877989,1906.0,7220.0,13830.0
2013-10-01,1814.58,4478.0,227.898978145242,96.193705033,80.19,22.80026,,16.12954,704.806396,1898.0,7245.0,13810.0
2013-11-01,1747.96,4399.0,223.872487853245,96.424030222,80.68,22.00365,,15.56065,685.8471989999999,1955.0,7275.0,14660.0
2013-12-01,1739.81,4463.0,231.95105343407,96.620307992,80.04,23.40454,,16.06299,722.314903,1877.0,7015.0,13500.0
2014-01-01,1727.41,4518.0,227.618249803187,96.681829322,81.31,25.10377,,16.87266,773.344392,2084.0,7420.0,14050.0
2014-02-01,1695.17,4176.0,233.574505017621,96.885544021,79.69,22.1099,,14.6495,704.872398,1963.0,7044.0,13930.0
2014-03-01,1705.37,4589.0,227.200770414853,97.130743067,80.1,23.32821,,15.18948,758.560297,2055.0,6950.0,14550.0
2014-04-01,1810.67,4421.0,229.025754826052,97.477196895,79.47,24.19122,,15.93499,782.997888,1967.0,6632.0,15830.0
2014-05-01,1751.05,4501.0,229.448481461139,97.760536812,80.37,23.96813,,16.00558,765.886085,2030.0,6650.0,18100.0
2014-06-01,1838.95,4479.0,233.603396624537,98.040533251,79.78,22.74991,,15.44481,721.914702,2077.0,6935.0,19440.0
2014-07-01,1948.3,4567.0,225.162905183716,98.321316972,81.46,24.66647,,16.97359,796.521598,2195.0,7005.0,18970.0
2014-08-01,2030.49,4613.0,216.431550059979,98.591528388,82.75,22.94519,,15.76249,756.700502,2337.0,7075.0,18325.0
2014-09-01,1990.43,4562.0,209.128667563681,98.855298257,85.94,24.18892,,17.03333,832.446089,2358.0,6945.0,18850.0
2014-10-01,1946.19,4679.0,191.532205264236,99.123793574,86.92,25.79122,,18.13378,937.019499,2266.0,6692.0,16210.0
2014-11-01,2055.55,4702.0,177.382124804231,99.366305103,88.36,22.65162,,16.03051,921.140605,2325.0,6735.0,15800.0
2014-12-01,1909.46,4840.0,147.739732100836,99.593999839,90.27,26.53415,,18.66515,1293.519398,2194.0,6315.0,16230.0
2015-01-01,1814.72,4851.0,122.036323802349,99.770978374,94.8,26.5162,,18.87877,1404.11371,2204.0,6255.0,15025.0
2015-02-01,1817.82,4423.0,133.647404465726,99.995964079,95.32,25.02262,,17.61337,1290.102493,2137.0,5510.0,15200.0
2015-03-01,1773.86,4869.0,128.307725292163,100.23305755,98.36,27.73003,,20.2914,1326.444205,2069.0,5895.0,13960.0
2015-04-01,1819.19,4798.0,130.528800262361,100.5112364,94.6,27.19897,,20.37956,1166.210902,2078.0,6010.0,12500.0
2015-05-01,1804.04,4975.0,137.483493678026,100.75081218,96.91,25.53792,,18.81091,1060.808894,2340.0,6350.0,13900.0
2015-06-01,1687.73,4952.0,134.156901538063,100.9807625,95.48,27.1891,,19.61992,1197.328804,2147.0,5995.0,12625.0
2015-07-01,1639.5,4969.0,122.938901012481,101.20204957,97.34,29.50658,,20.91239,1315.376796,2032.0,5775.0,12050.0
2015-08-01,1548.13,5002.0,109.227291781617,101.41202735,95.82,27.60844,,18.86308,1376.421702,1893.0,5207.0,10750.0
2015-09-01,1589.6,4924.0,109.025265965182,101.61165803,96.35,29.17758,,19.5821,1466.525597,1826.0,5095.0,9940.0
2015-10-01,1516.49,4957.0,108.899219049416,101.75415889,96.95,28.77825,,19.59413,1389.438,1712.0,5168.0,10575.0
2015-11-01,1467.89,4909.0,101.266141873884,101.96818242,100.17,27.84457,,19.53911,1360.798502,1699.0,5125.0,10100.0
2015-12-01,1497.2,4827.0,90.2679848842885,102.2069459,98.63,31.4918,,21.13271,1602.370019,1550.0,4610.0,8900.0
2016-01-01,1481.1,4874.0,77.6354685322573,102.50383127,99.61,29.83239,,19.32431,1540.725211,1574.0,4640.0,8600.0
2016-02-01,1531.26,4323.0,77.7887428262812,102.76703819,98.21,29.00849,,18.92297,1622.957496,1610.0,4525.0,8460.0
2016-03-01,1531.01,4974.0,87.6656184920498,103.02994859,94.59,30.45216,,20.68708,1616.644996,1783.0,4720.0,8620.0
2016-04-01,1571.23,4866.0,92.5437288917509,103.31338031,93.08,26.96803,,18.52029,1398.629991,1848.0,4860.0,8430.0
2016-05-01,1550.63,5054.0,101.483666634806,103.56008433,95.89,28.43487,,19.44732,1446.812015,1893.0,4960.0,9525.0
2016-06-01,1593.51,4989.0,106.692990860292,103.79087846,96.14,28.36183,,19.56862,1432.128392,1911.0,4590.0,8375.0
2016-07-01,1629.05,5046.0,101.772659015326,103.95804892,95.53,27.37126,,18.98626,1349.890993,2123.0,4800.0,9580.0
2016-08-01,1639.28,5102.0,103.376309915595,104.19280863,96.02,29.89392,,20.52475,1493.027596,2280.0,4924.0,10775.0
2016-09-01,1592.36,5084.0,104.633556078718,104.44744379,95.46,28.78786,,19.62005,1417.795801,2328.0,4635.0,9800.0
2016-10-01,1665.9,5137.0,115.260960292251,104.73310525,98.44,27.79092,,19.02911,1314.083406,2385.0,4835.0,10250.0
2016-11-01,1737.11,5145.0,108.444292816484,105.01912822,101.5,29.56771,,20.36932,1416.32831,2453.0,4880.0,10500.0
2016-12-01,1727.74,5296.0,122.702005644189,105.31666352,102.21,29.3708,,20.87102,1364.389208,2756.0,5780.0,11270.0
2017-01-01,1791.24,5578.0,127.826696489188,105.63308181,99.51,29.08769,,20.71385,1317.890704,2575.0,5585.0,10270.0
2017-02-01,1860.75,4926.0,125.617606834217,105.94811381,101.12,26.20119,,18.77887,1168.943096,2857.0,5940.0,10100.0
2017-03-01,1901.47,5360.0,115.772553832653,106.26913017,100.35,30.77064,,21.52209,1331.759593,2880.0,6050.0,11080.0
2017-04-01,1921.22,5313.0,119.225759330065,106.63487382,99.05,26.8428,,18.67009,1128.865598,2770.0,5855.0,10050.0
2017-05-01,1913.02,5432.0,114.46223948284,106.93880168,96.92,31.2969,,20.83368,1312.719098,2645.0,5785.0,9525.0
2017-06-01,1885.29,5481.0,107.906362641047,107.21965668,95.63,29.29674,,19.59361,1274.872799,2565.0,5670.0,8875.0
2017-07-01,1902.96,5325.0,111.27206475027,107.46669701,92.86,25.42688,,17.36232,1191.319407,2783.0,5920.0,9415.0
2017-08-01,2030.01,5276.0,117.624086183498,107.70946268,92.67,28.99728,,19.46364,1367.491103,2782.0,6348.0,10215.0
2017-09-01,2096.49,5171.0,125.572515892763,107.93721187,93.08,25.81732,,17.63087,1211.453091,3152.5,6812.0,12000.0
2017-10-01,2131.49,5205.0,129.925088291476,108.05946876,94.55,27.67368,,18.70477,1268.953206,3200.0,6507.0,10500.0
2017-11-01,2097.44,4938.0,140.765423018447,108.32504185,93.05,26.80815,,17.90482,1236.359701,3280.0,6960.0,12790.0
2017-12-01,2080.47,5399.0,143.637979173419,108.64345533,92.12,26.83405,,17.749,1230.032303,3200.0,6775.0,11175.0
2018-01-01,2209.73,5350.0,152.812740382656,109.10619423,89.13,28.62306,,18.89136,1304.203398,3349.0,7235.0,12750.0
2018-02-01,2181.79,4882.0,147.221807973306,109.4616747,90.61,25.11927,,16.18704,1136.212905,3530.0,7070.0,13600.0
2018-03-01,2069.24,5411.0,147.282110157735,109.80138179,89.97,28.43758,,17.83699,1255.643405,3390.0,6900.0,13550.0
2018-04-01,2254.69,5283.0,151.756233761497,110.21143722,91.84,26.73688,,17.09203,1272.0971,3282.0,6795.0,13600.0
2018-05-01,2299.67,5425.0,162.898254687632,110.45500622,93.98,29.5855,,19.43994,1433.429798,3120.0,6823.0,13650.0
2018-06-01,2237.62,5317.0,163.175141815922,110.61821052,94.64,27.55239,,17.98687,1318.124106,3098.0,6840.0,15240.0
2018-07-01,2082.24,5464.0,164.473377966392,110.61217178,94.49,28.90299,,18.82337,1382.202512,2868.0,6590.0,14670.0
2018-08-01,2051.51,5476.0,163.167846533993,110.68130547,95.14,29.98569,,19.91241,1523.360005,2570.0,6175.0,13925.0
2018-09-01,2026.46,5284.0,172.605783575972,110.73673324,95.13,26.08541,,17.15214,1353.762489,2468.0,5975.0,12800.0
2018-10-01,2029.86,5479.0,172.287544875428,110.59888983,97.13,29.89854,,20.00865,1513.477615,2581.5,6180.0,12415.0
2018-11-01,1938.51,5310.0,148.043063047674,110.7615797,97.27,29.02755,,19.35721,1461.499801,2526.5,6050.0,11675.0
2018-12-01,1920.38,5485.0,132.6931816386,111.04523758,96.17,28.20926,,18.46107,1415.522309,2586.5,6300.0,11290.0
2019-01-01,1853.72,5420.0,132.837897195512,111.65890898,95.58,30.63458,,20.13125,1538.331819,2393.5,5867.0,10540.0
2019-02-01,1862.99,4911.0,135.187803319121,112.02771879,96.16,26.40485,,17.61536,1315.573898,2727.0,6123.0,12550.0
2019-03-01,1871.21,5395.0,137.135341779574,112.3607125,97.28,28.04794,,18.56833,1367.425198,2798.5,6514.5,13300.0
2019-04-01,1845.42,5234.0,142.678897730099,112.75833796,97.48,29.42392,,19.58215,1420.539502,2956.0,6505.0,13275.0
2019-05-01,1781.26,5410.0,137.663088499814,112.94436359,97.75,29.60843,,19.66209,1427.274162,2814.0,6400.0,12220.0
2019-06-01,1755.95,5255.0,122.075818909474,113.01923723,96.13,26.60216,,17.71536,1283.373791,2475.0,5830.0,11900.0
2019-07-01,1796.99,5418.0,125.732460316235,112.8712592,98.52,30.12207,,20.48724,1453.053098,2490.0,6017.5,12435.0
2019-08-01,1740.68,5354.0,117.138291954721,112.80760362,98.92,29.18656,,19.76399,1445.135816,2409.0,5920.0,14320.0
2019-09-01,1753.51,5216.0,122.437301774977,112.71657081,99.38,27.80926,,19.06732,1364.394099,2220.5,5640.0,18550.0
2019-10-01,1725.96,5350.0,119.797167150738,113.01394774,97.35,30.3465,,20.818518,1479.84321,2348.0,5640.0,17250.0
2019-11-01,1774.79,5255.0,127.631461684005,112.55632025,98.27,27.7932,,18.996773,1340.495603,2497.0,5820.0,16800.0
2019-12-01,1771.38,5439.0,131.104220041825,111.75947531,96.39,28.98889,,19.803075,1383.790294,2265.0,5880.0,13723.5
2020-01-01,1773.09,5474.0,126.142073238145,110.67525207,97.39,30.06416,,20.699346,1422.051202,2297.0,6195.0,14185.0
2020-02-01,1688.1,5146.0,109.289359074945,109.16109286,98.13,26.55873,,18.331513,1279.822596,2191.0,5605.0,12875.0
2020-03-01,1610.89,5456.0,72.9941675035191,107.26883684,99.05,30.64622,,19.874765,1633.384101,2023.0,5657.0,12530.0
2020-04-01,1459.93,5284.0,55.8905124412157,102.63929179,99.02,30.92244,,20.229132,1654.88811,1898.5,4899.0,11440.0
2020-05-01,1466.37,5432.0,68.0114992942952,101.7602363,98.34,29.35797,,19.267104,1530.993988,1928.5,5165.5,12110.0
2020-06-01,1568.57,5310.0,82.3975635948022,102.27247816,97.39,29.82624,,19.544881,1522.743388,1986.0,5399.5,12410.0
2020-07-01,1643.81,5465.0,86.4165473565575,106.81410186,93.35,31.06663,,20.084539,1642.024621,2042.25,6036.75,12815.0
2020-08-01,1737.26,5525.0,93.2271857476264,108.13037505,92.14,27.80962,,17.755418,1549.855099,2306.75,6351.5,13795.0
2020-09-01,1743.77,5412.0,91.2975553598975,108.85938222,93.89,29.05558,,18.650322,1668.872789,2525.75,6728.5,15445.0
2020-10-01,1806.1,5617.0,95.4028571823368,107.98973128,94.04,29.06168,,18.692254,1704.757417,2402.5,6676.5,14495.0
2020-11-01,1935.28,5508.0,100.89541152644,108.30275048,91.87,27.47854,,17.753042999999998,1614.1574,2516.0,6696.25,15145.0
2020-12-01,2014.67,5696.0,118.493979515052,108.78704773,89.94,29.48599,,18.911322,1705.853516,2789.25,7595.0,16065.0
2021-01-01,2003.98,5758.0,138.446272490708,109.77853515,90.58,26.67419,,17.244975,1561.387924,2745.5,7787.0,16660.0
2021-02-01,2078.59,5221.0,137.664908345644,110.3534544,90.88,25.39635,,16.530626,1488.541299,2577.0,7799.0,17700.0
2021-03-01,2190.48,5768.0,142.136548338262,110.84771761,93.23,28.92822,,19.305149,1713.068016,2792.75,9128.25,18672.5
2021-04-01,2319.39,5586.0,143.193714211993,111.17542756,91.28,27.51547,,18.396999,1673.308494,2805.0,8782.75,16150.0
2021-05-01,2433.53,5768.0,154.557474298451,111.57280159,90.03,25.47724,,17.298445,1553.738916,2927.25,9923.75,17665.0
2021-06-01,2446.65,5530.0,170.895141089492,111.95394247,92.44,26.86416,,18.244741,1597.414793,3055.5,10310.75,18180.0
2021-07-01,2497.64,5718.0,181.349916097512,112.31266823,92.17,27.53374,,18.60493,1626.804688,2973.25,9411.75,18242.5
2021-08-01,2602.99,5675.0,183.806514750323,112.66597934,92.63,27.70109,,18.690584,1618.310272,3024.75,9712.5,19547.5
2021-09-01,2834.56,5468.0,212.879064204438,113.00769381,94.23,27.87158,,18.679857,1603.532411,3020.0,9415.0,19620.0
2021-10-01,2934.39,5673.0,256.460754221011,113.25076059,94.12,26.15188,,18.10263,1498.502405,3008.0,9100.0,18100.0
2021-11-01,2636.45,5406.0,235.683331646882,113.63457006,95.99,27.60562,373.614296,19.27206,1599.36911,3354.0,9505.0,19500.0
2021-12-01,2695.53,5521.0,239.991032497251,114.07207116,95.97,29.43727,1734.050499,20.34116,1697.364205,3227.0,9520.0,20300.0
2022-01-01,3005.98,5648.0,241.377378261931,,96.54,26.50359,1563.351577,18.54269,1604.668303,3550.0,9633.0,20625.0
2022-02-01,3245.79,5135.0,260.048362621765,,96.71,25.44506,1498.348511,17.63761,1549.326784,3608.0,9675.0,22730.0
2022-03-01,3498.37,5744.0,331.78375933108,,98.31,29.11507,1752.021103,20.86464,2553.308252,3727.0,9965.0,24900.0
2022-04-01,3244.41,5609.0,300.53317790586,,102.96,26.49413,1599.490577,19.3982,1693.989923,4270.0,10275.0,32650.0
2022-05-01,2830.32,5818.0,306.674979216909,,101.75,28.27628,1699.584098,20.80944,1439.304755,3993.0,9525.0,31025.0
2022-06-01,2563.44,5651.0,328.123480404175,,104.68,28.16774,1716.504686,20.80244,1323.2140060000002,3877.0,9460.0,27800.0
2022-07-01,2408.42,5889.0,343.809997418561,,106.0,27.16295,1670.703913,20.60116,1289.686796,3060.0,7990.0,21750.0
2022-08-01,2430.79,5901.0,376.412082569145,,108.85,29.69545,1828.729005,22.71245,1398.605101,3296.0,7945.0,24350.0
2022-09-01,2228.09,5669.0,330.149585913898,,112.12,29.26261,1763.717697,22.20072,1321.370002,3235.0,7680.0,20580.0
2022-10-01,,,,,111.54,28.76609,1727.594598,21.34455,1295.594816,2915.0,7420.0,21750.0
2022-11-01,,,,,106.63,24.20075,1470.182288,15.81389,1100.375005,2752.0,7590.0,22950.0
